{
    "jaw_master": {
        "location": [
            0.07955741882324219,
            -7.746394634246826,
            160.69256591796875
        ],
        "rotation": [
            1.0,
            0.0,
            0.0,
            0.0
        ]
    },
    "eyes": {
        "location": [
            0.07955741882324219,
            -33.89311218261719,
            162.1348876953125
        ],
        "rotation": [
            1.0,
            0.0,
            0.0,
            0.0
        ]
    },
    "eye.R": {
        "location": [
            -3.5866665840148926,
            -33.89311218261719,
            162.1348876953125
        ],
        "rotation": [
            1.0,
            0.0,
            0.0,
            0.0
        ]
    },
    "eye.L": {
        "location": [
            3.745781421661377,
            -33.89311218261719,
            162.1348876953125
        ],
        "rotation": [
            1.0,
            0.0,
            0.0,
            0.0
        ]
    }
}