{
    "jaw_master": {
        "location": [
            0.07955741882324219,
            -7.746394634246826,
            160.69256591796875
        ],
        "rotation": [
            1.0,
            0.0,
            0.0,
            0.0
        ]
    },
    "cheek.B.R.001": {
        "location": [
            -5.149785041809082,
            -11.945501327514648,
            157.17555236816406
        ],
        "rotation": [
            1.0,
            0.0,
            0.0,
            0.0
        ]
    },
    "cheek.T.R.001": {
        "location": [
            -3.9348154067993164,
            -13.465989112854004,
            159.122314453125
        ],
        "rotation": [
            1.0,
            0.0,
            0.0,
            0.0
        ]
    },
    "lips.R": {
        "location": [
            -2.4214324951171875,
            -13.92071533203125,
            155.97479248046875
        ],
        "rotation": [
            1.0,
            0.0,
            0.0,
            0.0
        ]
    },
    "brow.T.R.003": {
        "location": [
            -1.4480360746383667,
            -14.290176391601562,
            163.5772247314453
        ],
        "rotation": [
            1.0,
            0.0,
            0.0,
            0.0
        ]
    },
    "lid.B.R.002": {
        "location": [
            -3.8495543003082275,
            -13.380725860595703,
            161.36753845214844
        ],
        "rotation": [
            1.0,
            0.0,
            0.0,
            0.0
        ]
    },
    "cheek.B.L.001": {
        "location": [
            5.308899879455566,
            -11.945501327514648,
            157.17555236816406
        ],
        "rotation": [
            1.0,
            0.0,
            0.0,
            0.0
        ]
    },
    "cheek.T.L.001": {
        "location": [
            4.093930721282959,
            -13.465989112854004,
            159.12232971191406
        ],
        "rotation": [
            1.0,
            0.0,
            0.0,
            0.0
        ]
    },
    "lips.L": {
        "location": [
            2.580547332763672,
            -13.92071533203125,
            155.97479248046875
        ],
        "rotation": [
            1.0,
            0.0,
            0.0,
            0.0
        ]
    },
    "brow.T.L.003": {
        "location": [
            1.607150673866272,
            -14.290176391601562,
            163.5772247314453
        ],
        "rotation": [
            1.0,
            0.0,
            0.0,
            0.0
        ]
    },
    "lid.B.L.002": {
        "location": [
            4.008669376373291,
            -13.380725860595703,
            161.3675537109375
        ],
        "rotation": [
            1.0,
            0.0,
            0.0,
            0.0
        ]
    }
}